NombreCliente,ApellidoCliente,TelefonoCliente
Germaine,Rock,9109830573
Gare,Kliement,3711787632
Branden,Torrans,2155434262
Douglass,Orsi,7436919007
Trenton,Simester,7627047720
Morley,Kirvin,2317993534
Dennet,Haquin,7696834947
Denys,Ransom,4599310483
Livia,Sirette,1554665676
Derron,Havis,4412615487
Anita,Withull,1062804197
Rori,Brewitt,5553967840
Frederik,Jonk,6005891209
Kelsy,Bolt,5913911135
Edythe,Cottie,6642719064
Obed,Davidofski,1235222216
Gladi,Dargie,5906271976
Mahmud,Wilhelmy,7552710619
Marci,Parell,9855180539
Fidelia,Gallaher,8019804848
Glyn,Reiling,5759475244
Ronni,Bogart,8176091451
Gaston,Dyson,2721055742
Gearard,Marfield,5727492020
Freddy,Caldwall,1373050156
Rivkah,Henri,1376095639
Natasha,Acreman,1642810978
Kimberley,Tulloch,9277069116
Keene,Guillerman,3684608899
Holli,Georgot,6761635375
Bibby,Grieve,6382456193
Cole,Fifoot,3579926729
Aube,Tuley,3715882355
Winonah,Gerauld,1414249705
Artemas,Folbige,7728789186
Alyda,Hambidge,7066302470
Way,Fanthom,7747138627
Charlena,MacShirrie,4505516325
Quinton,Desesquelle,1656574333
Manda,Sycamore,6962730432
Vincents,Thow,1928938415
Brear,Matijevic,4688128893
Loraine,Yukhnev,2457343761
Gilburt,Tapsell,1875923192
Kelby,Litherborough,4944739878
Sibby,Coper,3401474044
Harrison,Murthwaite,5163506704
Delmer,Corcut,3671207191
Donovan,Chessel,9338728551
Thornton,Sawl,4221998632
Sissy,Flanne,4861879941
Zitella,Lucio,5597271800
Karine,Sirett,6907278258
Kris,Middis,6164360385
Christina,Astles,2567194137
Trixy,Songist,1407010647
Joye,Nicholl,3532991446
Morissa,Ellson,1928617681
Siobhan,Langelaan,8903518707
Darnell,Thurlby,3192166595
Clarinda,Bailie,1752551885
Wendy,Saul,7216622624
Mylo,Garrat,3851011437
Jami,Crennan,2138223394
Paulina,Gracewood,9136077860
Dolf,Riveles,6314665989
Evan,Wardrop,6142405248
Shel,Crutcher,1579150729
Quinn,Langer,3035322135
Rosy,Moukes,4414794938
Germayne,Aire,1266040695
Abel,Cockram,1461020212
Staford,Fosse,7807102869
Roberto,Hubach,2565641883
Berti,Domenc,4603266351
Nicoli,Mendus,4521007666
Antonius,Weddeburn,5871445177
Waylin,Barttrum,8174793756
Dur,Plesing,8007129678
Lianna,Ebertz,7004501163
Rubia,Dubbin,5466535573
Lauraine,Stollenbecker,6772051602
Jori,Bowles,3934973712
Maryann,Skeene,3855034941
Riki,Shanklin,6117979104
Larina,Atley,6069655005
Henderson,Fincher,4866246801
Ian,Sandeson,3314497242
Correy,Roswarn,5978601520
Cristina,De Filippi,2034700525
Merrie,Minshull,8514649731
Lena,Dobbin,4964214905
Willyt,Kier,4007469294
Aldrich,Dury,9469277667
Tuckie,Goodbairn,3965565660
Hal,Nussii,8422758181
Gennie,Alyonov,8836330616
Rica,Taudevin,7375715881
Grethel,Harman,4023204726
Maddalena,Bianco,7392196909
Debora,Rennard,4362389858
Norma,Harnett,6411645444
Noach,Brandassi,4253320647
Chandal,Theze,6645147613
Shelli,Beedham,5589941373
Osbourn,Larner,7815277832
Glennis,Upfold,7768777636
Rona,Turle,4668401441
Eadmund,Dacey,2219240245
Leoine,Hardwicke,2991626482
Erl,Vernalls,3224322027
Dollie,Gullifant,4174713584
Karalee,Klawi,4717823115
Lance,Scroyton,1375084125
Josselyn,Pfleger,1445279869
Timotheus,Rothman,8403224833
Wilton,Calfe,3135540856
Homere,Coom,7895606133
Darrell,Reford,8018902071
Faber,Conybear,2276784293
Leonanie,Dinnis,1992510335
Bethina,Krelle,8386913299
Ainslee,Bigadike,3423652143
Leslie,Brandle,2501357543
Karla,Attew,6949558960
Carey,Cockrem,9046488453
Wendy,Hattrick,7022824016
Dexter,Faro,9359634577
Solomon,Meachan,3455225006
Magdalen,Annear,4531484596
Mellisa,Fearick,8229359567
Ileane,Couling,2463484790
Bellanca,Andrysek,4826721923
Barry,Leggott,4301088821
Willi,Joddens,9196418472
Remus,Impey,5713697667
Cornelius,Paxeford,9122003279
Kenton,Bennetto,4508962549
Nichole,Jacobowits,7958102198
Brenden,Beeckx,7542737517
Terrye,Fominov,5857653662
Appolonia,Benardette,4507199058
Madalyn,Weaving,5324257641
Hershel,Duncan,1166683131
Grissel,Knowlson,2332698472
Miquela,Reaman,9327328455
Kial,Cisco,9646735829
Loni,Derisly,2288695230
Maryanna,Hourihan,2585411404
Cinderella,Matthias,1069555429
Harli,Yewman,7314117302
Mariana,McGowran,2094083334
Boycey,Lightbowne,1463153612
Clint,Metzel,7338268005
Sherilyn,Batrop,6716157844
Lila,Pape,5034161667
Bird,Steuart,2927350255
Ferne,Harrowsmith,6453339131
Edouard,Padgett,3804305009
Katerina,Fratczak,2463894805
Loralee,Mixworthy,8309613469
Jamey,Bradbury,2197947391
Wye,Jozefowicz,2993517787
Dulsea,Etheredge,9341392003
Jenilee,Mullord,8424182744
Sunny,Walters,2987491358
Siward,Flescher,6038170394
Truman,Klosges,3094599866
Joyce,Tirrey,2081853931
Ringo,Kivelle,9198260520
Fiona,Pluck,6858457133
Nanon,Maffi,2224591613
Rossie,Olliffe,8288760018
Caressa,Shitliff,8948721103
Daune,Hughson,2721853445
Shantee,Rabley,1849886676
Viki,Westrope,2589887756
Beryle,Domleo,1786420931
Niccolo,Loker,4049738965
Erminia,Pregal,5016219357
Gwen,Fowlestone,9569391399
Cris,Austick,5542486113
Brigida,Mountain,4192423010
Rodolfo,Heimes,4147238808
Rozalie,Tummond,8439517759
Sarene,Mussotti,7324937939
Thor,Kinny,3705490560
Latrena,Cranna,5484762380
Dniren,Scotson,6945013502
Birdie,Antonijevic,9926547116
Gabriela,Cutress,6366930187
Jenna,Brouncker,5527062254
Edita,Yorston,1763042216
Jobina,Gue,2188650021
Guillermo,Marrian,5187312525
Ninnette,Eddoes,7139364593
Patton,Needham,9694003595
Yurik,Rushbrooke,6785779456
Elayne,Peak,1543370048
Asia,Myles,4388774532
Seumas,Maunton,9245223425
Arabele,Blinco,1889558898
Geno,Iashvili,3047145020
Ferrel,Elgar,1277920189
Gustavus,O'Lahy,4269570713
Brier,Giabucci,5962930158
Morgen,Selby,7782083735
Cecilia,Ellesworthe,9699391458
Miguela,Bryers,6866578492
Clarabelle,Chaudron,3259257317
Dynah,Hake,4488120726
Jeannie,Cavey,9499696813
Abby,Edwicke,5213155045
Debi,Paschke,3135566462
Roger,Ciraldo,8281061169
Conny,Luthwood,2165124939
Simeon,Petrelluzzi,4214202280
Trip,De Leek,3512528663
Inger,Kettlesting,6335475717
Amy,Laurenty,4455915345
Lotty,Mapstone,9089298220
Baudoin,Malins,8119681422
Malvina,Van der Brugge,5139113455
Nissy,Heasley,4741017906
Emelita,Navan,5875587427
Cami,Harget,9672861628
Alison,Walworth,5197477920
Langsdon,Woodier,5322109445
Valaria,Slee,8206548547
Jo,Raraty,6046886454
Candis,Greenrodd,2905133062
Hobie,Carletti,7219581946
Rafa,Maffiotti,1588821328
Aloysius,Badwick,5718991930
Crystie,Wollacott,4172855367
Cindie,Bonnesen,8444267530
Lucio,Greg,2166267644
Chiquia,Andrusov,6427232029
Delmore,Risebrow,8296914471
Beltran,Buckbee,3919536515
Corella,Orneblow,8272282539
Elisa,Domenge,1036371506
Marlie,Gotts,1521660861
Nicholle,Carrick,4189846164
Efrem,Hrynczyk,4495266984
Trixy,Borel,3686061484
Halsy,Sowood,1629753230
Ray,Bundock,5447346344
Godfry,Twiggins,3123551932
Jo,L' Estrange,2564984907
Zeke,Ramble,4071541525
Shannon,Ughelli,7048747155
Brandais,Rispen,6607920699
Lillian,Josephi,2455804286
Melina,Tackell,9678424996
Nonah,Regus,6148698109
Kim,Murname,4341118471
Lucina,Trinder,5539645786
Nial,Howlings,4215737389
Luella,Aucott,7651198550
Lennie,Clitherow,9148534915
Ozzy,Nicholas,5668363330
Lynn,Ilden,1952288607
Eryn,Tomek,7194408441
Hendrik,Westcar,3069979663
Baxter,Devonside,3673282599
Vern,Teggin,4108658868
Luce,Callard,6284701412
Jena,Dally,6404095124
Matthiew,Doe,4622545218
Tommy,Ingledew,5556066123
Eugenie,Arrowsmith,9784473111
Simona,Maron,4562019527
Ali,Twinbourne,7932890385
Kaitlynn,Careswell,2015381588
Rickie,Dresser,2306300514
Ferguson,Firebrace,9436181803
Ches,Gierke,4514933277
Fanchon,Titterington,2403038187
Linn,Bolstridge,3229021720
Reggie,Dudny,4608617794
Mano,Guslon,7965845948
Ashby,Sowthcote,6033195550
Derrick,Fery,5901439463
Lorain,Courtliff,1019174408
Kore,Matuszak,6672244878
Remington,Okeshott,2953131883
Lotti,MacAnellye,5671511684
Lesley,Ivchenko,5885368073
Siobhan,Bridat,4852091706
Clark,Carlesi,3794523257
Susanna,Gadsdon,3735419899
Rivkah,Franzoli,8824336419
Andres,Gaskoin,8263725653
Maryjane,Tolworthie,1952789804
Korey,Doidge,6429004246
Neville,Addie,5261693770
Minni,Luby,3194839565
Almeda,Seage,5068718282
Lesya,Hinsch,7177185324
Torre,Malyj,6794384869
Rodolfo,Frondt,5605125524
Alyda,World,9921602879
Dimitri,Izakovitz,5569884953
Marlyn,Brun,1792196614
Saidee,Conyer,8612599549
Fran,Burnell,4185649848
Oren,Dedden,8051370426
Clemmie,Morcom,6533819087
Alanson,Summerrell,9152279326
Raynell,Tummasutti,2836385622
Moina,Washtell,3174956432
Levi,Coker,6874214476
Jenny,Gerardi,9905510021
Mirabelle,Fulun,6429623775
Godiva,Primo,9618978563
Benedikt,Labuschagne,2265892751
Mayer,Pobjoy,6713784380
Aurore,Ladel,5146721985
Karyl,Mac,8626473950
Kendra,Dailey,4621435956
Harald,Enns,2872386609
Bartolemo,Melbury,6839759590
Chickie,Ciabatteri,3914621021
Myrtie,Scintsbury,6684323590
Winnah,Blackborne,6698466953
Elsworth,Chansonne,7517224129
Briana,Pirrone,8207937930
Hedwiga,Barthelme,9745564587
Prentiss,Lowbridge,5218821768
Sybille,Menault,2781749125
Correy,Gayter,5198280557
Merrill,Cronchey,3127567408
Nerte,Wardhough,3226990921
Katrine,Munning,4947029879
Stephen,Frankiewicz,2103594868
Shaine,Blondell,1632728850
Giraldo,Fould,1581773884
Georgie,Portch,1005639869
Catherin,Oppery,4751977540
Bogey,Bruffell,5544051612
Elsworth,Sackett,7742550979
Ileane,Tolomei,4235986547
Melody,Tschirasche,2311918238
Annette,Havercroft,5429325795
Cory,Nellen,9788011641
Farra,McHardy,7377054856
Cariotta,Caswall,9605238041
Ardelia,Jacobssen,1796122669
Rani,Pentecost,8714294973
Christophe,Ilem,5235053462
Darlleen,Coalburn,1232783131
Archy,Whimper,3493254671
Raina,McAnalley,3219433767
Breena,Filippucci,4853541624
Celle,Iacavone,2076986227
Paxon,Brasher,2852248685
Danni,Bufton,9168979965
Barth,Rounds,2275190526
Ogdon,Lovett,3642783519
Patience,Dolohunty,6248802717
Janessa,Eichmann,1035399275
Teresita,Lambole,2312465157
Elly,Lamartine,5008022036
Elsworth,Eveleigh,2538013974
Ashien,Baudichon,8677001527
Padraig,Perroni,4208521444
Angus,Holttom,8131916035
Calida,Larmor,4839819419
Gretchen,Godlip,9877992458
Bertha,Beiderbeck,6194122910
Marlowe,Shier,4608536351
Rahel,Cozby,7142009670
Kahlil,Geyton,7149364426
Hilarius,Godfroy,4366403203
Jose,Meritt,6837400176
Stefania,O'Curneen,9809241468
Irwinn,Taunton,3582610402
Keely,Halbeard,2235016463
Mary,Effnert,3213169120
Kyla,Greenig,9224210096
Marlie,Behneke,3038443075
Carolyn,Villar,2999589438
Bartholemy,Baistow,6576206690
Lukas,Kimbling,7799248662
Reggie,Blanch,6033831357
Danyette,Annis,6688392015
Kendrick,Dwyr,4171484794
Niccolo,Martinetto,1736249399
Devan,Lumox,2128836260
Lani,Gorvin,7435323286
Mia,Hartropp,8281850065
Sherwin,Brigham,1047804120
Fayth,Sivess,2359866145
Flint,Warrick,3081838588
Willy,MacGebenay,8232825705
Asher,Napper,6636392462
Kele,Bouzan,2783250716
Nicoline,Sesser,5838850976
Tally,Eaden,6378734721
Kristi,Clue,7046761036
Ros,Le Bosse,5289361572
Leoline,Nutter,6812750610
Margaretha,McLurg,7632361137
Morgan,Churchward,1589394295
Aloysia,Wandrack,9401871857
Pauline,Gethen,3928172637
Gerik,Morcom,4994869833
Silvie,Lempenny,6129601120
Haze,Piotr,2165384952
Avrom,Delafont,1131741484
Irma,O' Clovan,8627757061
Sven,Lohoar,6972106121
Percy,Naptine,4155911822
Boyce,Leser,7387473224
Eddie,Mattis,7872213486
Vitoria,Bradburn,5416473413
Carlita,Skydall,7949523731
Elva,Tarbin,2422342333
Roby,Bowskill,4976575901
Sigvard,MacSherry,9479175219
Sumner,Atkinson,3472136825
Jodee,McCormick,6827733703
Aristotle,Paler,2024579118
Alair,Shakesbye,3041462152
Addie,Pedder,5592538500
Sheelah,Ellis,2191319325
Abbie,Selvester,3932632234
Adora,Sheircliffe,6554148942
Benn,Foden,6746425593
Pauly,Weightman,4958310926
Chauncey,Axel,2953361918
Jacklyn,Brophy,6689780561
Lilla,Stammler,5724839463
Latisha,Byway,6197281774
Rosalia,Huntall,4397512785
Bryon,Antonikov,1839756105
Garner,Fonso,5116165709
Sindee,Hackley,1832446669
Lorain,Becker,4475513884
Fonzie,Drinkale,6813659507
Ansley,Cromer,7424320137
Jackelyn,Petrashov,6022215860
Adelina,Speake,2018094557
Milo,Lyttle,4989115011
Justina,Howsley,9623637391
Ximenes,Hapgood,9409008151
Roxi,Curgenuer,4442185522
Rawley,MacTrustey,7355933447
Aldon,Healy,3766917394
Base,Dreschler,7133971961
Noni,Shillingford,1903346060
Janaye,Beamont,1742567327
Brose,Slixby,1788676551
Dorree,Kroon,6388139714
Amitie,Peterffy,9937821154
Yevette,Desvignes,5968815552
Edna,Dysert,8935312013
Aile,Wickman,4505190452
Laurie,Parades,6472301005
Angelo,Challenger,5632142779
Torrence,Felder,4093719551
Yorker,Stockhill,3792694613
Christina,Dello,4334269664
Sinclair,Calway,1779186930
Itch,Piborn,5635090601
Tabina,Raggatt,8975672515
Carol-jean,Traviss,7443408049
Nero,Puttnam,3027460491
Olympia,Foulkes,1388092247
Garold,Collens,7868933102
Eleonora,De Freyne,8412394165
Oberon,Ivashchenko,6922268695
Garrard,Bensusan,5391957878
Peria,Sneden,4277305299
Codie,Mott,8488798499
Rosita,Leverette,5991435315
Valentino,Tebbitt,2587206796
Rusty,Braunle,4547372445
Kayla,Stout,9956634712
Batsheva,Frances,5546308505
Bil,Broadhead,5207029859
Buffy,Dufour,4938916546
Eudora,Cowhig,2981941259
Ruthann,Huby,9588283712
Nils,Elliott,8585074111
Prescott,Malam,3293803065
Veronika,Bish,7585732314
Fanni,Reedy,6692258730
Teddie,Whaplington,3175658074
Brendis,Bartaloni,4592003239
Cortney,Sherwyn,4277072367
Ashien,Philipsson,7348084569
Ansley,Murrthum,9673458240
Aime,Snibson,4177687810
Mona,Boeck,9755355958
Sauncho,Tallach,9652148527
Vanna,Berringer,5899869393
Lonny,Pover,7862137093
Justina,Rentelll,6486735977
Rickie,Bunford,6687219298
Roseline,Gauson,8471341014
Donia,Wasiel,3927184622
Brandice,Crutchley,5238627941
Ianthe,Goodlife,2762815706
Dolf,Pauluzzi,5119648120
Gaelan,Mackieson,3552766821
Rosabelle,Gosker,5253746204
Heloise,Petrol,7205019525
Waldemar,Benedit,6329274274
Isahella,Sturton,5497294759
Frances,Farragher,9223909891
Josey,Clulow,7908330009
Morly,Beach,9819753936
Ardith,Ault,8041116320
Jeramie,Truesdale,8445024642
Amalle,Heffernan,2094230345
Nealy,O'Reilly,3856842795
Vinita,Prior,6964524033
Dolley,Edgley,4726875629
Lyndy,Izhakov,8479152347
Wren,McCormack,7913512660
Abdel,Gayforth,6717908915
Nonnah,Hurling,6761684677
Janka,Biggins,8631621790
Kara-lynn,Hoys,5788587888
Margaretta,Joll,1364192918
Jourdain,Whitnall,9438374690
Hermon,Ezzy,7522312190
Toma,Crambie,4186411055
Mellie,Abramov,3558199509
Marmaduke,Spark,3273281920
Damaris,Kemery,2726672315
Adrian,Lester,8174303529
Birgitta,Frewer,2634193769
Lanna,Harvatt,6859118977
Ibby,Hovard,4885823074
Annalee,Maly,3105741092
Garfield,Gyenes,6239799248
Ulla,Lukovic,2489011915
Ram,Metzke,8356699224
Thorpe,Doag,4168851978
Rickie,Budik,2048781456
Mitchell,Teacy,6669409915
Brit,Birkin,9732811959
Ulberto,Diggle,5065344081
Shaine,Ettels,1327003681
Grethel,Phateplace,7221218297
Velma,Overal,9357352794
Graeme,Gannaway,4244972882
Minetta,McCrann,8329380844
Laryssa,McLane,3167717240
Sonnie,Gant,3291865553
Joyann,Phetteplace,9622479003
Carline,Turri,7342020032
Francklyn,Syplus,2424756414
Oliviero,Mustill,5276866657
Margaret,Escale,6231569778
Dolph,Conrart,6211907169
Lazaro,Dolden,1986521557
Suzette,Nockells,5161426226
Dionis,Rupke,7699644358
Jacquetta,Bisp,1886107837
Nerte,Mansour,1353549067
Kanya,Collingworth,1723788315
Lanette,Node,1652771181
Alastair,Drezzer,4182035683
Leonore,Klimuk,8894110561
Cymbre,Boggish,4362059721
Sylvia,Manuely,9486800698
Liz,Vala,3926198721
Herman,Vergo,6813216158
Drusy,Gobeaux,4683234362
Dmitri,Jeratt,5506305450
Cesare,Lathwell,5993402794
Eb,McGenn,8044832744
Celene,Canellas,9687149878
Artemas,Drinkall,8773145422
Travus,Wakelam,6969767644
Garald,Davidavidovics,2761646510
Winn,Stockport,2043435397
Anastasie,Gouldeby,3407287395
Nigel,Tollerfield,5086416105
Tabbi,Abbate,4046339455
Jorge,Orred,5938752723
Aguie,Shurman,2825159915
Ashley,Hinze,9786879199
Teddie,Brastead,9957999837
Cad,Thompson,5128036943
Eve,Slyvester,9856489644
Abagael,Bartolomeazzi,4044905623
Floria,Gilligan,6319308711
Alric,Chanter,3438926069
Ermentrude,Lindroos,1129706940
Russell,Kilroy,7148487259
Jessalyn,Lesmonde,4497924824
Hadley,Shorten,4025184011
Odille,Barrable,6931172400
Aurora,Lynch,2058424981
Berty,Demcak,3027718471
Eric,Kleinschmidt,6311068202
Georgiana,Laughtisse,4696057803
Aron,Hobbema,1145248360
Shawn,Mussettini,6061418157
Lynde,Vautrey,6311710624
Tommie,Dowles,3337700087
Iosep,Kyne,3158491467
Velvet,Capponer,8068037302
Ellary,Ferry,3979210703
Halsey,Eyton,2767068661
Kerrin,Grimmer,6613047628
Hildegarde,Roskelley,2816718035
Cooper,Aldwich,3761061273
Livvie,Nannini,9982284087
Adolphus,Figurski,3401845763
Seamus,Piaggia,2579068894
Kenon,Wordsley,9409141922
Lalo,Larsen,9101690993
Rodina,Summerskill,8344917921
Heidi,Tinghill,1093014281
Garrot,Millott,3186918095
Griz,Domelow,6569183004
Lennie,Tidbold,6226954009
Hogan,Stollery,4352736487
Silvia,Hallowes,2102849286
Bucky,Goodger,2789511131
Bartie,Bedle,6077203859
Grace,Simeon,6507258616
Fern,Anstiss,9064302497
Tania,Weir,3903654991
Averil,Crane,9218741118
Conan,Litzmann,7081094090
Stanwood,Shoubridge,6831708225
Nickie,Larmet,4616777937
Taber,Tinghill,8951331833
Brianne,Pepperd,7159648884
Matti,Reaman,3358051884
Marylynne,Larder,9435015096
Carmella,Kubec,9405307564
Randell,Campes,9811606203
Agnola,Batchelar,4324367058
Aylmer,Franzman,6466665214
Kameko,Sebrook,8539941970
Mauricio,Duchant,2795973215
Fransisco,Hawney,6885810853
Kit,Van Bruggen,4214943815
Nikolas,Showen,7069141385
Bessie,Lovegrove,9168534291
Lorianne,Richold,6259281138
Alia,Applebee,1313713491
Merridie,Snellman,3986227933
West,Lesek,9708016924
Halie,Levick,9289446468
Orelle,Elmes,5504234630
Malva,Carsey,8436534949
Rosamond,Maylor,9397810176
Allyce,Kelmere,8275015483
Arlyn,Di Giacomettino,1119017125
Abbey,Elmer,9526530247
Deana,Plowes,4559378569
Kinny,Semble,6088518969
Gert,Dengel,2742393711
Kare,Ratt,8861667131
Taddeusz,de Courcy,2524622306
Mohandis,Barry,2329447813
Aguste,Lackemann,9856277725
Ulberto,Melesk,2708722234
Misti,Aubry,1686203009
Mandel,Rigbye,9193238657
Colan,Bordiss,8309409610
Ardeen,Insall,9509391627
Emili,MacCurley,2818203354
Alphonse,Breagan,7838409131
Shanda,Brosetti,5532793672
Abagail,Behneke,2021377022
Amalea,Baudet,7681934414
Dulcie,Yates,2167461309
Daisy,Waszczyk,4208883864
Caprice,Hughlock,3979914812
Catharina,Welsby,8991827433
Harp,Anney,1587590613
Lianne,Kleiser,3848600096
Kaylee,McLese,3183020658
Maud,Voss,7313147323
Vinita,Cummungs,2219704220
Althea,Blackater,7712013593
Foss,Glentz,8153674996
Harrietta,Kirley,9496255881
Patton,Brewitt,3973974073
Alie,Mather,9214775315
Pauline,Folini,1473433192
Rich,Heritege,9848851275
Rickie,Girardengo,4005875558
Orelia,Eldin,2855685459
Langsdon,Swadlen,3557875941
Scotti,Jennens,4418392951
Manuel,Bovey,1964284298
Gratia,Toffetto,9323007996
Klarrisa,Caddock,9791731571
Jean,Kippen,9302343868
Dillie,Duerdin,7012252484
Dennie,Bigby,2665805970
Hamilton,Caselli,7449182218
Clari,Laurisch,3958701702
Torrence,Ather,9486546455
Deck,Clousley,5183475821
Gray,Kolodziej,9978838072
Wilhelmina,Stollberg,6439597696
Jennilee,Spilsburie,2903238359
Gretta,Matteini,9291668647
Pietrek,Muzzi,1814009922
Wallie,Halloway,5727672828
Towney,Helliar,8558840761
Mina,Simioni,2858791175
Jed,Brolan,6178958381
Jacintha,Entres,2241124634
Quintin,Risley,6939886424
Tove,Tourry,3705468543
Mead,Carthew,9562658114
Nikolia,Strass,4913081955
Maurizia,Dusting,6621243485
Ethelred,Marchello,6086343925
Gerty,Giovanitti,5673114534
Vikki,Jenik,3091387095
Constancy,Byng,2035689868
Chanda,Jemmison,3408989680
Phillis,Beatson,9522840945
Gustie,Lanigan,2803831005
Agathe,Oxtoby,7385675042
Glenda,Mateiko,7591213195
Vaclav,Arlott,7296808578
Stephanus,Philippart,4258438353
Johann,Remington,6126874568
Leslie,Moat,4529019732
Bess,Prandoni,4115892574
Micah,Chadbourne,7301547959
Kasper,Morl,4436308238
Flori,Neads,7927677051
Baxy,Fennelow,7888401968
Earvin,Patullo,8106255566
Duffy,Gascoine,3758890563
Hobey,Petrelluzzi,3254959236
Meris,Balazot,9049877823
Ricardo,Cherrett,4864270338
Clem,Prodrick,6247823340
Hildegarde,Trower,8293063570
Camile,Pessler,4753867672
Agustin,Dawtrey,6698663750
Andreas,Coton,9127231311
Simone,Easom,6947303827
Patrizius,Carsberg,2179885387
Gallard,Garfield,7035383457
Selene,Titford,7622840403
Jeniece,Ferrone,4414150504
Auria,Smalcombe,1597140439
Meggy,Rawling,2944592986
Vasilis,O'Lunny,9629019930
Rafi,Bichard,7354576913
Tawnya,Leith-Harvey,8627429168
Ayn,Ingall,8722951086
Lenette,Bengtsson,5104782792
Philbert,Scocroft,6299625623
Milzie,Eby,2372160949
Malena,Speight,1879258685
Tammara,Eaton,1001314083
Tasha,Padgett,1706379699
Devina,Cotilard,6544152376
Wilona,Klimentyonok,9632214433
Tobit,Glyssanne,4375624929
Gizela,Davydzenko,4019040630
Paige,Escudier,7902693308
Noelani,Milverton,9555189046
Ethel,Lassells,6072673391
Tricia,Reah,6229822157
Tristam,Wildish,5521712793
Mari,Ginnally,1203902412
Madel,Masedon,3973221725
Sibyl,McCollum,7372876532
Latia,Espinet,3105152623
Rebecka,Croxon,5117638117
Kalil,Spering,6211923472
Phyllis,Horsey,3583940286
Alia,Bransby,8441705703
Milton,Isacke,9789062918
Laurent,Lower,4811444465
Archambault,Attwoul,8716914370
Mureil,Vian,9942728030
Bobbie,Whitelaw,4546618978
Robbin,Dennerly,4486255551
Kylen,Burle,6909687134
Lusa,Coppeard,1573251008
Agna,Burgis,2349824270
Grace,Askew,8043352723
Junie,Rochewell,5802971456
Stace,Douse,6429358105
Aaron,Leffek,6115119153
Torin,Allnatt,6367265571
Kiel,Pennrington,8592474831
Fernande,Baskerville,7859894817
Kerr,Wicks,7217444294
Shoshanna,Somerscales,9427470717
Aviva,Sturley,9188469442
Glynis,Easun,9966535141
Marietta,Couper,2973743705
Quinta,Antoni,3242443991
Keven,Wiggam,8083468989
Sawyere,Esmond,1081715620
Raynell,Saffon,8131752399
Taddeusz,Bohlmann,9344944865
Cullan,Guisby,6209537404
Celinka,Gilligan,7923722839
Zachariah,Fayerman,5284694000
Keslie,Wescott,7403647448
Toddie,Alessandrini,2556965168
Alicia,Fabbri,7491175902
Jaquenette,Audus,1007528514
Faydra,Shannahan,8218546025
Sonni,Millions,7222041566
Garrik,Keys,1718055554
Carmine,Fluck,4666500809
Catarina,Hainey`,7076624753
Zonnya,Snuggs,9261928018
Shane,Pimlott,4481950356
Kirsten,McClaughlin,3117296822
Nicko,Flemyng,2111445634
Bail,Spiteri,4359327640
Bebe,Mee,4544020431
Elysee,Brain,7508611384
Juliette,Clive,2536820231
Yvor,Philippou,8301015949
Erminia,Bricket,3845082237
Aggy,Tickel,7144478932
Nikola,Berick,7151268135
Haskel,Bendix,9144134224
Thedrick,Duligal,7219606451
Brandie,Monument,5868497462
Dorie,Hennington,8052453734
Julianne,Vest,6318333665
Juliane,Forstall,2663184387
Obidiah,Leinthall,3576497576
Moises,Hourican,4185103457
Cyril,Basini-Gazzi,1969089169
Thorvald,Glading,9629791561
Vallie,Ramelet,6051293248
Benedicto,Rasher,9859880034
Julia,Bonevant,7829353188
Donica,Pollack,6789764093
Nial,Hanselmann,3363389933
Trudy,Laydon,9669090306
Norris,Widdowson,2423045314
