NombreCliente,ApellidoCliente,TelefonoCliente,IdCategoria
Elisha,Dunphy,7958898673,1
Zelma,Kalf,7643044985,4
Lynne,Lomasny,1655448163,4
Faye,Wainscot,4448245492,4
Heywood,Parman,6188474616,5
Klarika,Corsham,4758896001,5
Jeanne,Boanas,6748129144,1
Catarina,Wadge,1431862159,3
Nicolas,Dayes,7706686767,1
,De Angelis,3702431779,1
Joleen,Chagg,4989429216,5
Shawn,Remer,1877254720,2
Meyer,Bouda,3988339430,5
Marcie,Lardnar,2796133663,5
Katy,Partlett,4245941142,2
Adrian,Porson,9729677681,3
Maribel,Ruilton,2387718835,5
Gretel,Poge,4184568511,4
Tabbitha,Poon,9622517338,2
Brenna,Tabary,2122464248,5
Mano,Coultar,3375668331,1
Selie,Stubbin,5113708924,4
Filmore,Kurth,8532960181,1
Shelley,Alliker,9949995268,4
Park,Sagrott,5058560850,4
Maggie,Sadat,9148853536,1
,Rymill,9644388088,3
Linc,MacRory,6948143032,5
Kaitlin,Cocozza,7166759667,5
Cookie,Allridge,7466155787,5
Dyana,Kryzhov,3083155799,4
Herman,Antcliffe,7782080928,1
Sharline,Haddleton,6394030182,4
Marinna,Rossbrooke,3122847676,5
Cy,Renshall,9907350209,3
Conny,Galbreth,3837291818,2
Chicky,Forsyde,4442331071,3
Zonda,Lemmon,6936082579,5
Haleigh,Ramshaw,2248881786,1
Jeremy,Klimke,5752105025,3
John,Conisbee,4586061451,3
Ric,Fison,9985149580,4
Perry,Stivens,7126813361,2
Tasha,Sicely,3009243075,1
Sarene,Duly,3264249642,5
Griff,Smillie,7901291442,4
Chantalle,Muschette,1368760701,4
Damaris,Stockley,6261499900,4
Tiphanie,Bodd,6168701016,4
Lindsey,Gullifant,1374923305,1
Lind,Spykings,9339331268,2
Gilles,Durrance,6594592340,2
Sterne,Tench,5141560932,3
Valeria,Crimin,5629900981,5
Cassandre,Towell,5733026727,2
Rubia,MacDonough,6955429060,5
Zacharias,Stollard,2874122268,5
Joice,MacCaffrey,5116309696,1
Joleen,Winnard,1397824610,2
Rebeca,Simoes,8172719929,3
Skipton,Hiner,9999296268,3
Yancey,Champniss,8342011643,5
Ofelia,Braznell,6332262765,2
Tasia,McMurtyr,7042075151,3
Judon,,4011367092,2
Herta,Goodreid,6835546626,5
Neel,Farlowe,9875278753,2
Dory,Quibell,2429280617,4
Hermie,McMillan,6977266860,1
Cristina,Stellino,8251389253,3
Ethelda,Dragonette,2996337299,5
Yolande,Lygoe,9699325757,3
Alida,Owain,5654600620,2
,Van Castele,2741699199,3
Hirsch,Schaffler,4504584943,4
Shawnee,Whittleton,6567008590,4
Clemens,Loakes,6495327579,3
Barnebas,McElhargy,6721713193,4
Gilberte,Mixer,9259657409,5
Hershel,O'Curneen,2448744506,3
Jenda,Paumier,4252597096,3
Betti,Kalinke,8693229841,1
Kassia,Honeyghan,1348948814,4
Allin,Stodart,7481403363,5
Manon,McNeice,5972148834,1
Gregg,Stronough,6459829468,4
Vachel,Bantham,2209297652,3
Maud,Stapele,4025416363,3
Lillis,Schulz,9597675560,2
Angelia,Ferrillio,7621490834,2
Pip,Seres,7812886180,2
Hollis,Cottier,8906219359,1
Ebony,Ewing,1369811768,2
Bourke,Aldcorne,5151975029,3
Shannon,Carlisi,3068710628,2
Benjie,Catonne,7193039158,1
Ashleigh,Asprey,2122144075,2
Merla,Feldmann,7773729745,5
Opalina,Newcom,9323486704,5
Diarmid,Coch,6835708027,3
Ofella,Wort,8095780634,1
Elaina,Holtom,8835073803,3
Elvina,Sleightholm,1918569905,4
Melessa,Fleis,4042134691,5
Bessie,Lory,5811509151,4
Tobi,Gauge,2337197208,5
Darsey,Van der Veldt,2198986864,4
Fin,Smout,9725999057,5
Martita,Mariyushkin,9988147479,3
Shawna,,4149908698,2
Abe,Brendish,4043669003,4
Willette,Paish,6622146040,1
Christie,Witherdon,8312748088,1
Emilee,Tabbernor,6149463842,3
Ryon,Tieraney,4565626369,4
Marietta,Noulton,8421648191,1
Bathsheba,Josifovitz,4444927490,3
Nessi,Learmond,3321738242,4
Noelyn,Speariett,5072598007,4
Karney,Leahy,9834513717,3
Glynis,Eymer,2124577031,4
Shanan,Southcombe,6915194311,5
Demetris,Robertot,7532165773,3
Waylen,Menhenitt,8393344526,1
Percival,Soulsby,2899955768,5
,Farguhar,6814282499,2
Erhard,Duckerin,8364751109,2
Ketty,Barhem,4778992341,2
Archer,Cristofari,8157178379,5
Nevsa,Devenport,6151466037,2
Manon,Rubroe,8974734458,3
Althea,Corson,4659527525,1
Paton,Sazio,2275573212,2
Theresina,Waison,4852339970,2
Nikoletta,Meineck,6827468885,4
Tobi,Seamons,7176860473,3
Alvan,Grigaut,1859088285,3
Karena,Dansken,3194765229,1
Holmes,Maken,7216214940,4
Tabbie,Brownhall,9822716901,5
Audrey,Juden,1526913828,5
Ellis,Cuss,4057297984,4
Gabie,Crutchley,5325183224,2
Martie,Carillo,6365286763,3
Neile,Harrigan,3457821363,3
Raquel,Reuss,9786227923,4
Hildagard,Ferrieri,8481606088,5
Daveen,De la Barre,8635727266,2
Cordy,Ormond,5024214984,5
Kingsly,Rooke,5572527193,4
Tracey,,4006144952,2
Alameda,Plumbe,7392450858,1
Alvera,Blundan,8906750891,1
Gennie,Chaunce,8902532199,3
Maisie,Berney,1338706605,5
Tuckie,Swyer-Sexey,2251558145,4
Beilul,Ahlin,3447971774,1
Vinny,Dudding,1122316713,5
Matty,Bossingham,6212911624,2
Hubie,Vint,1257918219,5
Frazer,Kienlein,3818861273,4
Scarlett,Syme,9037968084,3
Devy,Tivolier,7732271610,2
Tim,Dyton,9127221213,3
Nadine,Winham,6442700090,3
Constantine,Neasam,2011926599,1
Alard,Dunning,3184566426,3
Clementia,Kirsop,7619320539,4
Catharina,Hensmans,8177381631,3
Lilyan,Whatsize,8697118561,5
Elle,Lovat,7284732794,4
,Rhymes,8263613397,3
Skelly,Paten,5134201571,3
Luise,Telfer,3346536496,4
Nona,Truggian,9604501156,4
Sutherlan,McKeighen,8265075568,1
Skyler,Bullard,5064110928,3
Glenden,Tippin,4561620961,3
Alfons,Beeres,1669010362,3
Flory,Colqueran,5044815170,5
Farrell,Munroe,2707462768,4
Essie,Pollins,7824676174,2
Leanna,Bucktharp,5695486417,4
,Bentham3,8561464676,1
Tandi,Skurm,7037041279,5
Win,Klemt,9807004444,3
Clemente,Cockling,1336406508,5
Kesley,Worboys,5414646452,5
Georgeta,Pyrah,3625959264,1
,Borge,4883000028,2
Damien,Lindeberg,1266596826,1
Gwyn,Comar,7085269737,5
,Kanter,1956418216,3
Dareen,Sitch,9016039904,3
Monika,Rapsey,8736187672,3
Inglis,Thorneloe,4335509844,1
Emmie,Hulson,2981750647,3
Quentin,Stive,3219088447,4
Fleurette,Cosser,1702171245,3
Perla,Varey,5676205607,1
Jilli,Vaney,4948071387,4
Cyb,Moneti,5304753558,3
Paige,Bondy,2585800915,1
Costa,Elms,5994061510,2
Clareta,Walton,5919500352,1
Zorina,Zannotelli,6713852068,3
Turner,Spellacy,5754572644,5
,Harrowsmith,5037328323,5
Alyda,Plom,8599648677,1
Othilie,Whyteman,1661330815,2
Winthrop,Seamon,7331540106,1
Trey,Couttes,6078561805,1
Brien,Statefield,5352498494,5
Gardener,Oosthout de Vree,7557339172,1
Sheff,Coonan,5281634040,3
Kaylee,Glassborow,8361785653,1
Jacquie,Deppe,4118895443,5
Fawnia,Dengel,7281933870,2
Damara,Fidoe,7723581739,4
Davin,Izkovicz,5559399768,5
Cristy,Golsthorp,7424046143,2
Broddie,Cesco,2819515526,2
Jeffrey,McAvin,6243713611,5
Jermayne,Rilton,8238544071,3
Selma,Readshall,4418423756,2
Marlowe,Tomini,8669381932,1
Ernaline,Hatherleigh,7203011576,4
Ryann,Pinchbeck,5198911690,5
Neely,Westfield,5129652461,1
Richmound,De Ferrari,5732832867,1
Karry,Petters,8562400601,4
Tamara,Oleshunin,3971403968,1
Esther,Arstingall,5561386189,3
Sydel,Carnilian,4369069349,2
Dalt,Delgadillo,8804307222,1
Roseann,Leveritt,9048654262,4
Isahella,Maudling,7717710656,1
Clare,Parris,8231014286,5
Ardelia,Rentalll,3936341467,2
Masha,Prater,5674267648,3
Daffie,Longstaff,4816167718,2
Reube,Walton,8035657259,4
Lorelei,Laise,9615407722,2
Clemmie,Doumerque,9248420774,2
Ranna,Clerke,5993805218,5
Timothee,Writer,4248283265,5
Caitlin,Lamas,3038975915,5
Cyndie,Ditzel,1624373279,5
Jori,Bruyntjes,3059039795,5
Ammamaria,Pendrick,7065013281,4
,Cancellor,9189728257,2
Lloyd,Barbey,5784788775,3
Loralie,Milella,3524564722,1
Magdalen,Sibbet,2301333278,5
Mack,Milliken,1071037169,4
Towny,Clementucci,8139392643,4
Saudra,Brusby,3441737564,1
Ethelin,De Andisie,1641672292,3
Shurlocke,Croxall,7742292691,2
Curran,Cuckoo,1868737704,5
Jacquie,Downer,4702796628,3
Terri-jo,Yorke,4725639157,3
Lefty,Robertshaw,6407969282,5
Alonso,Eltun,6202111224,3
Ezmeralda,Stubbin,7733624513,1
Edd,Rosbottom,5605628433,4
Rosana,Drinkhall,7551797839,2
Gregory,Culpin,8414164041,2
Consuelo,Bartalot,1529424960,1
Gerardo,Rounsefell,6074804923,1
Alissa,Davidowsky,9504746688,3
Corbett,Scobbie,1455613253,3
Camellia,Leschelle,1034406103,1
Marlowe,Jephson,8971709309,3
Martha,Andrag,4288012656,3
Vida,Got,1419204815,5
Marijn,Focke,8265612807,1
Arly,Billie,5941765916,5
Beltran,Whitcombe,1274087416,1
Darb,Pollastro,5843316521,4
Tansy,Eastham,8013198348,3
Kiley,Houston,5194526171,2
Tripp,Sipson,7982528672,5
Sarena,Baukham,1317811483,4
Leesa,Youel,5732728832,3
Ulrikaumeko,Coatts,4238588357,3
Napoleon,Blabey,3254665486,4
Waring,Cardenoza,8482924673,5
Liam,Minger,3289530941,1
Silvan,Teare,7615244602,1
Florencia,Lerigo,4839107395,4
Colet,Eastmead,1214250705,4
Rawley,Belison,8757166291,3
Allison,Whereat,6488899269,3
Marlow,Kares,4789947405,5
Rudie,Feirn,6802897120,5
Sky,Ketton,7198331015,5
Megan,Hehl,9165743180,1
Vidovic,Filippozzi,9412924949,3
Tresa,Fansy,3963853477,5
Kerrill,Ralton,6586214491,5
Trisha,Menichino,7292316441,5
Zilvia,Yakushkev,8536477385,4
Kirby,Pock,2952490007,1
Drusie,Leigh,1625648273,3
Lamar,Antyukhin,6985729593,1
Bonnie,Knobell,8788185833,1
Holly,Oman,3181916919,2
Albertina,Mallya,2012903080,4
Charlie,D'Agostino,9567182912,4
Julianna,Bertson,8643121562,3
Constantine,Guthrie,4778524689,2
Dorella,Hills,9934755022,4
Zahara,Oakshott,3313210497,1
Aileen,Tilston,2661134739,4
Emmaline,Webland,2246242666,3
Marrilee,Duffy,3049704565,5
Land,Mirfin,9781326755,5
Marlyn,Scotter,7067216193,1
Ida,McFadin,1009528455,1
Miquela,Gabb,2578604327,4
Carlina,Ellis,1494105588,3
Hailey,De Vries,7977684202,2
Keriann,Airey,8809747765,1
Elwira,Georgiades,1503123890,3
Dani,Beceril,7274112731,4
Van,Bragge,9913514920,2
Jemmy,Morby,8486767575,1
Sarge,Keppie,1667554529,3
Pammi,Merioth,6539986869,2
Marlane,Uebel,4681916698,2
Gael,Kibbel,4301908055,5
Kat,Nani,3652168088,3
Kipper,Le Page,7992337143,3
Ginevra,Erni,2349773547,5
Kiley,Hayley,5446511187,5
Welch,Matuschek,7946786127,4
Dare,Belcham,2307368789,4
Erasmus,Robbie,5523652744,1
Carly,Plitz,3301372377,4
Nannie,Nairy,7071755670,5
Amye,Crake,5729776849,3
Ashla,Dysert,2785563075,5
Daile,McDermott-Row,3114225191,1
Inesita,Bagger,9634939423,5
Traci,Ferrettini,3418296666,2
Jobey,Westney,3888208911,3
Mehetabel,Inkle,4104144751,3
Jennine,Gorler,3587865082,4
Dee dee,Duhig,9213576023,3
Toiboid,Newtown,7668891960,3
Rudie,Arthurs,4022272612,3
Kailey,Gaskins,3742323627,3
Marthena,Kermitt,9304767975,3
May,Tysack,7823167732,3
Aluin,Meni,7085406429,5
Granny,Jeannel,4643247951,4
Charline,Wass,4475445807,3
Ilyssa,Daykin,3821166069,2
Kalvin,Darth,4929343497,5
Whittaker,Duligal,8797020805,3
Mahmud,O'Sharkey,2175390889,4
Lena,Fishlock,4711958325,2
Sawyer,Cridge,1413846939,4
,Rathjen,4098859050,2
Gardener,McRoberts,8602980490,2
Gav,Kitchiner,3962559630,5
Farlie,Jozsa,6168471976,4
Ethe,Biaggioli,5853315404,2
Polly,Lamminam,8251469771,4
Yancey,Brager,4517081509,1
Cornall,Feveryear,4715061917,1
Hedvig,Edlin,9655964243,4
Jaime,Crossman,8173929196,4
Federico,Rebichon,5322843400,1
Juliann,Cyseley,2811171134,3
Ailyn,Ousbie,9092583077,3
Sigrid,Murthwaite,8184053230,3
Joletta,Hanne,4223229750,3
David,Ellar,4973661697,5
Huntington,Paling,1923649447,3
Clemmy,Hise,5785926126,5
Arlene,Carle,7062032554,2
Alexi,Benjamin,5615727220,3
Yuri,Gabel,7477785992,1
Gerda,Trim,4083143123,1
Cherry,Vashchenko,9816031326,2
Camel,Maestrini,9326669207,1
Ogdon,Davidovic,6623467783,1
Patrice,Tuxill,7994616541,5
Samaria,Czajkowski,9951531827,5
Goldarina,Veldstra,2749324682,3
Bernette,Bartelot,6367434404,4
Orville,Esch,1813968716,1
Simone,Bissett,7869248325,4
Malorie,de Verson,2685798116,3
Shara,Criple,4949515952,1
Ardyth,Barnardo,1669504168,2
Ailene,Patel,5481726866,3
Kathi,Kenney,5338985893,4
Lethia,Bentsen,8483339999,2
Darnall,Stobbs,6402286118,2
Yolanthe,Frew,2221890200,1
Otes,Caldicott,5416875672,1
Godwin,Mullineux,6004512482,4
Laurena,Blundin,9592552438,4
Ardella,MacAnelley,2552068301,3
Nicol,Raisher,2594331637,5
Vic,Triggol,2858392731,1
Shellie,Cutmore,5862679392,5
Kayla,Parbrook,3905216710,3
Carver,Fremantle,3628037037,5
Loydie,Dowdney,9181145129,4
Filia,Folkes,9592583634,5
Simona,Furse,6459090940,5
Bernadette,McCrostie,7453004884,4
Josiah,Wooddisse,5617961443,5
Bank,McGeagh,2869935628,3
Damien,Pargeter,5467621210,1
Hebert,Halburton,7715175830,5
Austen,Capaldi,1825419266,5
Claudio,Gamble,3406701830,1
Terra,Livings,9222220028,1
Sue,Rubertelli,6804240290,4
Hunter,Rickarsey,2931183437,2
Gardener,Fritschmann,1196839724,4
Jermaine,Hoston,6132936678,2
Shelli,Mears,7216822014,3
Ricoriki,Ferroni,2301212352,4
Shanan,Reignard,6876699350,2
Joby,Maton,8317502500,3
Jermain,Ruit,2202056028,4
Alyosha,Simounet,1569306885,4
Obadias,Traite,7465671561,1
Zacharias,Du Hamel,4652096941,5
Lisabeth,Trayhorn,4326254896,5
Woodrow,Glastonbury,5387331892,2
Cordula,Kabos,8702423098,1
Tanney,Gabbotts,9037158176,4
Sancho,Stovine,9372355695,5
Jamil,Ianne,5108613192,5
Delano,Hardi,5633249477,5
Judah,Martschik,2286540222,1
Peria,Barbe,9558685169,1
Camey,Byram,4529361315,5
Jane,Stimpson,4149856246,5
Ade,Beernaert,6244582274,4
Sidnee,Liebrecht,5544893863,3
Christan,Gehrts,5718327077,4
Obadiah,Springall,4905063172,4
Andrea,Garlett,5727369002,4
Tarah,Losseljong,3375173404,2
Dasha,Dudderidge,5719931015,4
Dalston,Grabb,9871499823,4
Consuela,Bangham,1052109442,1
Jillana,Friday,1595314493,1
Eloise,Jouen,4802919228,4
Arleta,Menear,9023915779,2
,Crosfield,9027734168,5
Nicholle,Lummasana,3161054358,3
Ruthanne,Llop,3038588032,5
Atalanta,Botler,8028885961,1
,Rudloff,3691811437,5
Mack,Gages,4473825881,1
Eveleen,Baelde,3719948669,2
Chev,Shervil,1661398909,5
Wenona,Field,7739686298,5
Belicia,Semkins,2087729712,2
Hildegarde,Crust,4831836463,5
Carlo,Brearty,7914661875,1
Basil,Rubinivitz,7437632961,2
Maudie,Macvey,9881603209,3
Neddie,Bray,6555706759,1
Estell,Pittwood,5133738607,1
Blinnie,Huckleby,8114540396,4
Lena,Keating,9832548165,1
Queenie,Ashmole,4585913441,1
Audi,Benedick,2948994890,2
Lennie,Croose,5562346393,4
Sydelle,Bark,2631602775,4
Gino,Bowdrey,9295841184,1
Drew,Hanes,8653852745,5
Carny,Ortell,6985803909,2
Suzanne,Sprules,3157090619,2
Antoni,De Stoop,5237348121,2
Filberte,Bolles,2005186744,2
Julieta,Pennazzi,4322489303,2
Austina,Cholton,4214280849,5
Pearce,Lenihan,4121744324,1
Eveline,Jendrich,4465952373,4
Teodoro,Foxton,5557589792,1
Franchot,Mathivon,9304312425,4
Allegra,Manilove,6842603566,4
Kylie,Castaignet,8385391906,5
Shawna,Attreed,7022919666,4
Noah,Taffie,3325347012,3
Patti,Kibbel,9537004024,4
Lizbeth,Fazackerley,6649732296,4
Leora,Itzik,8235497399,4
Abba,Westman,6507916652,4
Red,Creed,5441853148,5
Annnora,,4712479860,4
Arv,Zoephel,5139099081,3
Lela,Zoppo,6006633045,4
Ezekiel,MacKowle,2526211225,4
Wanids,Guilliland,4161044551,1
Anestassia,Peacher,8955540706,2
Josiah,Langdon,4218382621,4
Whitney,Cherrison,1771972413,1
Waylen,Maevela,6871344891,4
Arlette,Dolle,6307764709,1
Berkly,Beasley,8322538333,4
Onfroi,Perchard,7567019873,2
Kain,Januszewicz,2275304605,5
Dex,Tatersale,4044454612,3
Gery,Playhill,5688141301,3
Karlotte,,1475588574,5
Coriss,Acors,3864458212,1
Eunice,Karran,5989650958,3
Catharine,Faulds,7534738063,2
Leif,Risby,5902027446,2
Jennette,Catchpole,1486887859,5
Ervin,Paulino,7288388001,2
Sydelle,Shildrake,6486439361,2
Eleanora,Birtchnell,6097007311,5
Zia,MacMarcuis,9965137319,5
Towny,Luxmoore,5188760193,2
Libbey,Vigors,1197213195,2
Conny,Rowlstone,3741416425,2
Tiena,Greasley,7554639495,1
Cher,Maciunas,8789095055,4
Etienne,Aird,7241210934,2
Rudd,Probets,4532805008,3
Galvin,Burchett,6859424073,1
Annalise,Radnedge,6079781174,4
Jeramey,Saing,1226542263,4
Barby,Dewberry,1042664269,4
Oralia,Dislee,1188035261,3
Garrett,Knobell,9775892891,4
Derward,Mulcahy,5282583070,5
Bertina,Mansuer,1344335519,5
Faythe,Chaundy,3895228216,3
Cacilia,Ivanyutin,3428196343,3
Carly,,3965713605,2
Madeline,Minico,6126603927,5
Stanislaus,Shawe,1225419125,4
Pennie,Larder,4668398663,3
Hilda,Gergus,3318431517,1
Waverley,Capenor,3236778537,1
Yancey,Belin,7893545195,3
Philis,Cottu,9346227390,2
Hartwell,Knobell,3586906421,5
Loydie,Kidds,8634796882,4
Jerrie,Girvin,7623935940,1
Dewey,Mixhel,8132077288,4
Brien,Vinck,1173650848,5
Camilla,Nutton,8776299910,1
Filmore,Warters,3605430729,2
Drucie,Dart,9157333216,3
Craig,Putnam,8377116371,3
Benni,Dary,4457278899,3
Nappie,Duval,9146867345,4
Darb,McGaugie,5518075282,1
Terri,Dowe,3028280882,3
Quentin,Bogeys,3052427966,1
Bidget,,5153792238,4
Christoforo,Fuster,6651604973,5
Foster,Ferron,4964321179,5
Sansone,Prettyjohns,2862043692,5
Angeline,Dotterill,3044666565,1
Row,Deeley,7761496949,5
Brien,Vaneschi,2831580887,3
Eduardo,Ebenezer,1985684495,1
Eunice,Nolleau,6807741865,2
Ryan,Rasell,3711724054,2
Sonnie,Critcher,2188740597,1
Cosimo,Dudmarsh,5826423200,4
Sile,Padula,6916193578,3
Quintana,Karim,7371525962,1
,Gilliver,6428726755,3
Dulciana,Sharma,7568985622,4
Bearnard,Itzcak,5882185976,2
Marilee,Wem,2111545900,1
Aggie,Vischi,1886550925,3
Patton,Chaikovski,1683544814,5
Theresa,Gobel,5604284614,3
Timmi,Colliver,1341866958,5
Zebedee,Dumbarton,1415732547,2
Anne-corinne,Tudgay,8133127895,4
Fraze,Grogona,4385318632,3
Isidro,Lamborn,1769063797,2
Lyman,Palek,8631252079,1
Carlina,Yeaman,6348656029,4
Elsa,Cancelier,6128957588,3
,Kless,2456823801,2
Umberto,Boulsher,4776380207,2
Armand,Schroder,7595402702,4
Anna-maria,Pocke,2403418175,4
Niel,Bucktrout,9358062499,3
Rickey,Luddy,7546151109,2
Hetti,Lalevee,8348994421,3
Angel,Cokly,7856580971,5
Rocky,Vieyra,6876403653,5
Basilio,Lockhead,6359856636,3
Caron,Miguet,8646746355,4
Zsa zsa,Pinxton,1045832146,4
Kin,Lindholm,7189275633,3
Nelle,Gabey,2205514097,3
,Barabisch,5839910923,1
Garrett,Akess,1945309837,5
Prue,Borthwick,9411819428,2
Aubree,Redolfi,1294777028,5
Lonnard,Offen,2385646800,3
Jo-anne,Uebel,5854792128,2
Fielding,Broughton,5616992638,1
Chancey,Kirman,3345433830,5
Sonnie,Pady,3165747629,1
Agata,Patemore,2196770788,5
Dare,Smitherman,4527193544,4
Laetitia,Burridge,1626876450,2
Jeromy,Brogden,7129420051,5
Tedd,Grimsdike,5141267466,1
Torry,Pickle,2748904398,3
Shanan,Louder,8455276640,4
Pieter,Carlesso,6459873994,5
Janelle,Ryley,2761398275,4
Peg,de Clerq,2736460783,5
Rosalinde,Simon,5661243565,4
Deane,Curteis,1814607484,3
Sada,Hallede,9995910968,3
Lesly,Mandeville,4801937538,4
Johna,Krystek,9735625259,1
Fin,Bickmore,4109387646,4
Kerwinn,Edmead,5327604715,5
Vaughn,Ashley,2785512246,5
Patric,Ianizzi,8743290647,1
Germaine,Prout,7557839426,4
Maddalena,Oxherd,4239985248,4
Martelle,Schimon,8289293765,3
Arabel,Hedon,3796377254,1
Maryann,,7211254664,4
Husain,Meineck,2581180404,2
Ethelyn,Tough,2169997636,2
Aymer,Lowton,4157007707,3
Crista,Fellona,4783367278,3
Nickie,Twohig,9253151949,3
Marga,Forster,3936220008,4
Thorsten,Hellsdon,6495274006,3
Ernesto,Everest,1677167293,5
Sidoney,Trippack,8557320790,4
,Spore,7671848857,2
Blayne,Iacovelli,5161472028,1
Colet,Biasi,2146081887,2
Conney,Scrowton,7308682458,2
Patin,Bannard,7883550599,5
Tasia,Purslow,7315007113,1
Udell,Stockbridge,6228422241,4
Flora,Rickaert,2129506021,5
Sutherland,Stevenson,8441635662,4
Wes,Synnott,1512963266,5
Daisy,Kennington,7764974957,5
Brander,Spurling,7444863743,4
Antonia,McCrone,5245791239,2
Jacynth,July,7649394229,5
Ferdinande,Solleme,5331651883,3
Vittoria,Bernardelli,6388974359,1
Briggs,Taberner,9419208135,2
Kassi,Jahnel,4015523592,1
Donnie,Peddowe,8187060199,4
Josie,Maffia,6602847455,2
Michel,Denisard,4813388990,5
Donn,Piggen,9378655569,1
Anica,Burdytt,3965138046,5
Zorah,Pirouet,2409170263,3
Emmott,Batrim,2992686103,4
Francisca,Rappport,5975774250,2
Byram,Tease,9923739187,2
Armand,Quickenden,1124008608,5
Joellyn,Nolin,7771694472,4
Henka,Peperell,2347602252,4
Shari,Habgood,4827032752,1
Corabella,Bondesen,5586236539,4
Honoria,Jacquot,7187357887,4
Ben,Mauvin,2293857655,5
Philipa,Jozef,7891521201,3
Salomone,Cartwright,3546899619,1
Merrel,Brend,8896055957,3
Tommy,Tharme,8877438494,1
Arny,Bruckstein,8744274457,4
Tasia,Bennike,4344769750,5
Pier,Ommundsen,3829883830,2
Sutton,Gridley,6309723034,1
Basilio,Hatter,9633070384,5
Westbrook,Ilson,3573499453,1
Benita,Carnegy,2679329884,4
Cullen,Cosley,4621335227,5
Tabby,Gruszka,7851902459,3
Dorelle,Benez,3067330654,5
Darcee,Cordeux,1833707206,3
,Mucklow,3275343412,4
Field,Winny,8372024394,3
Renelle,,1077379537,2
Mathian,Shorthill,6777841879,4
Ban,Szymanek,5336306426,4
Curcio,Dalgarnocht,6174146523,3
Almire,Ronchka,3793692102,5
Howie,Worms,1344006163,1
Melody,Mycroft,5733846241,4
Delia,Stephen,1808423355,4
Terence,Pointer,4868339337,2
Ceciley,Kivits,5386342645,3
Leeann,Dennis,9459979164,5
Arie,Hill,4226449016,3
Shantee,Hazart,8814903771,3
Marcelline,Godrich,9688993711,3
Booth,Croll,3032115480,5
Monah,Bacher,5595770887,2
Andria,Bellini,4472809847,1
Simon,Jacobsz,7995211095,1
Esme,Heers,2648622560,5
,Rubie,4487481546,5
Anatollo,Whorton,6199477292,5
Robbin,Yurlov,9789176437,2
Field,Mannix,9175969355,3
Natasha,Bladen,1999575610,5
Veriee,Bootes,4291647823,1
Giuditta,Schwand,8143791691,3
Graham,Mattimoe,6944683366,5
Angeline,Tetla,4998971591,2
Robinet,Gisbey,3798987382,4
Joelly,Munroe,3271343248,4
Jolee,Winterbottom,7787917491,1
Kitty,Mcmanaman,9815117952,2
Eugen,McNae,5375878926,4
Davida,Guiver,5897657779,5
Kristyn,Rosbotham,6566995776,1
Paola,Warhurst,3111566593,5
Wenona,Okroy,2438887204,5
Gabie,Cowing,4273831743,3
Kelila,Bygrave,9301818134,1
Aldis,Kennedy,5464082673,4
Joanne,Weighell,4753073810,3
Morton,Spyby,2427178961,4
Valry,Windows,6196968825,4
Sandye,Clemetts,7852446408,5
Miles,Sharper,5174961261,5
Davy,Daelman,5131419180,4
Jarib,Coltan,2661422331,5
Antoine,Weatherhead,5424172340,3
Pip,Bensen,3171160671,1
Whitney,Vials,2888826024,4
Angelle,De Benedictis,8448835071,3
Janella,Duchasteau,4721422000,5
Currie,Elph,4265073768,1
Saul,Root,5598639923,2
Roanna,,7148411754,4
Evangelina,Sirr,3298676642,2
Trixie,Dunkerk,6563628900,4
Cordula,Corbyn,9461166735,2
Adoree,Trudgian,1791123195,1
Shae,Thal,6095737199,5
Frasco,Krook,7559853038,5
Noll,Gammie,4289590289,3
Eberhard,Deboy,1108374441,2
Jonathon,Oxby,9701241635,1
Kerby,Beardow,5475083271,3
Sheila-kathryn,,1234080364,3
Cordy,Bonder,5975121670,1
Rudolfo,Fandrich,9408487081,5
Cassandra,Kelley,9409919046,5
David,Acres,6316307897,1
Ezri,Ibarra,2254574662,4
Theodore,Simmonds,5499795974,4
,Towner,4523189981,2
Mead,Fiddiman,7859836116,3
Nanon,Chaddock,4914259253,3
Derek,Tabbitt,5221604249,5
Evie,Doody,3077737787,5
Nanon,Gaitskill,9564099664,2
Serene,Donativo,4124885141,2
Reinhard,Parnaby,7406091198,4
Hillery,Sandeland,4188759490,4
Walliw,Strongitharm,3161506769,1
Mayne,Ollive,2068659737,4
Shelden,Vost,5504248418,4
Anatola,Hurkett,6108206013,2
Lorant,Rackam,6689008939,3
Adriana,Montel,6719494856,1
Cissy,Freemantle,4082139471,2
Barnie,,4645701192,1
Annetta,Fewless,1766568238,2
Nichole,Goolden,5519576982,5
Debra,Spriggin,7806030167,3
Barbi,Valentinetti,5161290532,5
Shanta,Thursfield,5813880613,4
Dniren,Dalley,4648517319,4
Marlon,Yurlov,6934346002,5
Ellswerth,Missen,1713241822,5
Haven,,7208139058,4
Jazmin,Butters,3185463607,2
Ilyse,Gurry,1022083685,4
Willabella,De Mico,4579029557,4
Frieda,Klimas,7064531922,3
Loraine,Napolitano,4314973430,3
Amber,Bamell,8309953768,5
Norman,Blacklawe,7703784505,5
Rahal,Dungey,4498596079,3
Peta,,3611013642,3
Janice,Thurman,9786781397,5
Joshua,Smardon,9929347744,2
Rikki,Cammidge,7367408100,2
Dreddy,Gebhard,5596077851,2
Shelden,Luard,9751344148,2
Rivi,Rosencrantz,2461345973,5
Maurie,Treacy,2488941006,4
Walden,Boydle,4481529168,2
Steffi,de Grey,7108649195,5
Amandi,Duckerin,4976334875,1
Slade,Mowbury,3772813014,2
Devondra,Cornick,3084639107,5
Hersch,Lindop,4543643118,5
Verine,Bernet,6522803162,1
Justinn,,3343887474,4
Duky,Vaudre,3559282271,2
Sharl,Crewther,9941701556,3
Wilone,Vernon,1328249374,2
Cayla,Vannuccini,1743700932,1
Lizette,Rentz,2126279118,2
Fin,McTrustie,6154996203,2
Connie,Gosnall,8269444133,1
Nikaniki,Fahey,9708888612,1
Nikolas,Lode,5257605987,4
Clayborne,Mutter,6117331632,4
Derk,Savary,9119781697,1
Geraldine,Hazley,1972000029,3
Sharity,Neilly,7761612929,2
Farica,McCorley,3097450516,5
Berry,Hugo,6321570759,1
Christie,Pundy,1203675058,3
Sim,Ethington,1028615191,2
Tildie,Shemmin,7643307351,4
Serge,Simmonds,6256772928,2
Haily,Pym,6197704350,3
Delmar,Badini,3903021025,2
Reube,Rawstorn,8675663098,5
Tallia,Jankin,7846065583,5
Ollie,Fermer,7935119439,2
Giavani,Bradtke,5972707125,3
Gilberto,Battrick,1243622708,2
Tamarah,Brauninger,5137234417,5
